"spo","gene","funct","NCBI"
"SPO0004","parB","chromosome partitioning protein parB","SPO_RS00020"
"SPO0026","SPO0026","polyA polymerase family protein","SPO_RS00130"
"SPO0038","kdsB","3-deoxy-D-manno-octulosonate cytidylyltransferase","SPO_RS00190"
"SPO0039","cysQ","3'(2'),5'-bisphosphate nucleotidase","SPO_RS00195"
"SPO0043","dnaK","chaperone protein DnaK","SPO_RS00215"
"SPO0061","infB","translation initiation factor IF-2","SPO_RS00310"
"SPO0064","rimP","Ribosome maturation factor RimP","SPO_RS00325"
"SPO0065","SPO0065","peptide/opine/nickel uptake family ABC transporter, periplasmic substrate-binding protein","SPO_RS00330"
"SPO0073","hemH","ferrochelatase","SPO_RS00370"
"SPO0074","SPO0074","hypothetical protein","SPO_RS00375"
"SPO0076","SPO0076","lipoprotein, putative","SPO_RS00385"
"SPO0079","SPO0079","ABC transporter, ATP-binding protein","SPO_RS00400"
"SPO0080","SPO0080","hypothetical protein","SPO_RS00405"
"SPO0081","SPO0081","hypothetical protein","SPO_RS00410"
"SPO0082","kdsD","arabinose 5-phosphate isomerase","SPO_RS00415"
"SPO0083","SPO0083","exonuclease, putative","SPO_RS00420"
"SPO0117","SPO0117","transposase, degenerate","SPO_RS22365"
"SPO0121","SPO0121","transposase, degenerate","SPO_RS22375"
"SPO0145","ubiE","ubiquinone/menaquinone biosynthesis methyltransferase UbiE","SPO_RS00745"
"SPO0148","rpsT","ribosomal protein S20","SPO_RS00760"
"SPO0149","dnaA","chromosomal replication initiator protein DnaA","SPO_RS00765"
"SPO0150","dnaN","DNA polymerase III, beta subunit","SPO_RS00770"
"SPO0155","gyrB","DNA gyrase, B subunit","SPO_RS00795"
"SPO0229","rpsU","ribosomal protein S21","SPO_RS01170"
"SPO0247","dxs","1-deoxy-D-xylulose-5-phosphate synthase","SPO_RS01260"
"SPO0251","petR","DNA-binding response regulator PetR","SPO_RS01280"
"SPO0262","cobO","cob(I)alamin adenosyltransferase","SPO_RS01335"
"SPO0267","aroC","chorismate synthase","SPO_RS01360"
"SPO0271","petA","ubiquinol-cytochrome c reductase, iron-sulfur subunit","SPO_RS01380"
"SPO0272","petB","ubiquinol--cytochrome c reductase, cytochrome B","SPO_RS01385"
"SPO0278","dapF","diaminopimelate epimerase","SPO_RS01415"
"SPO0283","plsY","Glycerol-3-phosphate acyltransferase/Acyl-phosphate--glycerol-3-phosphate acyltransferase","SPO_RS01435"
"SPO0288","udgA","uracil-DNA glycosylase","SPO_RS01465"
"SPO0316","SPO0316","electrotransfer ubiquinone oxidoreductase family protein","SPO_RS01615"
"SPO0318","ispE","4-diphosphocytidyl-2C-methyl-D-erythritol kinase","SPO_RS01625"
"SPO0319","ddsA","decaprenyl diphosphate synthase","SPO_RS01630"
"SPO0340","lpdA","2-oxoglutarate dehydrogenase, E3 component, dihydrolipoamide dehydrogenase","SPO_RS01730"
"SPO0344","sucA","2-oxoglutarate dehydrogenase, E1 component","SPO_RS01745"
"SPO0346","sucD","succinyl-CoA synthase, alpha subunit","SPO_RS01760"
"SPO0358","sdhC","succinate dehydrogenase, cytochrome b556 subunit","SPO_RS01820"
"SPO0359","sdhD","succinate dehydrogenase, hydrophobic membrane anchor protein","SPO_RS01825"
"SPO0360","sdhA","succinate dehydrogenase, flavoprotein subunit","SPO_RS01830"
"SPO0361","sdhB","succinate dehydrogenase, iron-sulfur protein","SPO_RS01835"
"SPO0381","SPO0381","protease, putative","SPO_RS01930"
"SPO0382","SPO0382","nifU domain protein","SPO_RS01935"
"SPO0392","trpS","tryptophanyl-tRNA synthetase","SPO_RS01985"
"SPO0404","SPO0404","phosphoglycerate mutase family protein","SPO_RS02045"
"SPO0408","coaBC","phosphopantothenoylcysteine decarboxylase/phosphopantothenate--cysteine ligase","SPO_RS02065"
"SPO0416","mreD","rod shape-determining protein MreD","SPO_RS02105"
"SPO0418","SPO0418","hypothetical protein","SPO_RS02115"
"SPO0420","mreB","rod shape-determining protein MreB","SPO_RS02125"
"SPO0426","nadE","glutamine-dependent NAD(+) synthetase","SPO_RS02155"
"SPO0430","gltX-1","glutamyl-tRNA synthetase","SPO_RS02175"
"SPO0449","nadD","nicotinate (nicotinamide) nucleotide adenylyltransferase","SPO_RS02270"
"SPO0455","lysS","lysyl-tRNA synthetase","SPO_RS02300"
"SPO0459","SPO0459","hypothetical protein","SPO_RS02315"
"SPO0475","SPO0475","hypothetical protein","SPO_RS02395"
"SPO0484","rplB","ribosomal protein L2","SPO_RS02440"
"SPO0485","rpsS","ribosomal protein S19","SPO_RS02445"
"SPO0486","rplV","ribosomal protein L22","SPO_RS02450"
"SPO0487","rpsC","ribosomal protein S3","SPO_RS02455"
"SPO0488","rplP","ribosomal protein L16","SPO_RS02460"
"SPO0493","rpmC","ribosomal protein L29","SPO_RS02490"
"SPO0494","rpsQ","ribosomal protein S17","SPO_RS02495"
"SPO0495","rplN","ribosomal protein L14","SPO_RS02500"
"SPO0496","rplX","ribosomal protein L24","SPO_RS02505"
"SPO0497","rplE","ribosomal protein L5","SPO_RS02510"
"SPO0498","rpsN","ribosomal protein S14","SPO_RS02515"
"SPO0499","rpsH","ribosomal protein S8","SPO_RS02520"
"SPO0500","rplF","ribosomal protein L6","SPO_RS02525"
"SPO0501","rplR","ribosomal protein L18","SPO_RS02530"
"SPO0502","rpsE","ribosomal protein S5","SPO_RS02535"
"SPO0505","rplO","ribosomal protein L15","SPO_RS02550"
"SPO0506","secY","preprotein translocase, SecY subunit","SPO_RS02555"
"SPO0509","rpsM","ribosomal protein S13","SPO_RS02570"
"SPO0510","rpsK","ribosomal protein S11","SPO_RS02575"
"SPO0511","rpoA","DNA-directed RNA polymerase, alpha subunit","SPO_RS02580"
"SPO0518","SPO0518","hypothetical protein","SPO_RS02615"
"SPO0519","SPO0519","glutamate/glutamine/aspartate/asparagine ABC transporter, periplasmic substrate-binding protein","SPO_RS02620"
"SPO0530","engB","Probable GTP-binding protein EngB","SPO_RS02675"
"SPO0531","SPO0531","MOSC domain protein","SPO_RS02680"
"SPO0537","rnpA","Ribonuclease P protein component (RNase P protein) (EC 3.1.26.5)","SPO_RS02710"
"SPO0538","rpmH","ribosomal protein L34","SPO_RS02715"
"SPO0603","SPO0603","hypothetical protein","SPO_RS03045"
"SPO0631","SPO0631","hypothetical protein","SPO_RS03195"
"SPO0637","SPO0637","hypothetical protein",""
"SPO0640","SPO0640","4-carboxymuconolactone decarboxylase domain/ alkylhydroperoxidase AhpD family core domain protein","SPO_RS03235"
"SPO0646","SPO0646","hypothetical protein","SPO_RS22115"
"SPO0656","dnaE","DNA polymerase III, alpha subunit","SPO_RS03315"
"SPO0667","hisS","histidyl-tRNA synthetase","SPO_RS03370"
"SPO0669","SPO0669","ATP phosphoribosyltransferase, putative","SPO_RS03380"
"SPO0709","pckA","phosphoenolpyruvate carboxykinase (ATP)","SPO_RS03580"
"SPO0719","etfA","electron transfer flavoprotein, alpha subunit","SPO_RS03630"
"SPO0720","etfB","electron transfer flavoprotein, beta subunit","SPO_RS03635"
"SPO0726","parC","DNA topoisomerase IV, A subunit","SPO_RS03665"
"SPO0731","glpR","glycerol-3-phosphate regulon repressor","SPO_RS03690"
"SPO0804","ihfB","integration host factor, beta subunit","SPO_RS04055"
"SPO0805","SPO0805","hypothetical protein","SPO_RS04060"
"SPO0815","trpA","tryptophan synthase, alpha subunit","SPO_RS04110"
"SPO0838","SPO0838","associated gene for polyketide biosynthesis","SPO_RS04225"
"SPO0843","SPO0843","glycosyl transferase, group 2 family protein","SPO_RS04250"
"SPO0846","SPO0846","associated gene for polyketide biosynthesis","SPO_RS04265"
"SPO0871","SPO0871","5-hydroxyisourate hydrolase","SPO_RS04390"
"SPO0876","ylbA","(S)-ureidoglycine aminohydrolase","SPO_RS04415"
"SPO0886","groES","chaperonin, 10 kDa","SPO_RS04465"
"SPO0896","SPO0896","hypothetical protein","SPO_RS04515"
"SPO0908","lgt","prolipoprotein diacylglyceryl transferase","SPO_RS04575"
"SPO0909","SPO0909","hypothetical protein","SPO_RS04580"
"SPO0924","pabB","para-aminobenzoate synthase component I","SPO_RS04655"
"SPO0926","aspS","aspartyl-tRNA synthetase","SPO_RS04665"
"SPO0938","SPO0938","hypothetical protein","SPO_RS04710"
"SPO0947","kdsA","3-deoxy-8-phosphooctulonate synthase","SPO_RS04755"
"SPO0956","SPO0956","hypothetical protein","SPO_RS04800"
"SPO0963","argF","ornithine carbamoyltransferase","SPO_RS04835"
"SPO0979","SPO0979","low molecular weight phosphotyrosine protein phosphatase","SPO_RS04920"
"SPO1010","accC","acetyl-CoA carboxylase, biotin carboxylase","SPO_RS05085"
"SPO1011","accB","acetyl-CoA carboxylase, biotin carboxyl carrier protein","SPO_RS05090"
"SPO1023","SPO1023","response regulator","SPO_RS05150"
"SPO1096","SPO1096","lipoprotein, putative",""
"SPO1099","SPO1099","hypothetical protein",""
"SPO1100","SPO1100","lipoprotein, putative","SPO_RS05580"
"SPO1105","SPO1105","methylmalonyl-CoA mutase","SPO_RS05605"
"SPO1118","SPO1118","hypothetical protein","SPO_RS05675"
"SPO1121","proS","prolyl-tRNA synthetase","SPO_RS05690"
"SPO1123","lolE","lipoprotein releasing system transmembrane protein LolE","SPO_RS05700"
"SPO1124","lolD","lipoprotein releasing system ATP-binding protein","SPO_RS05705"
"SPO1157","SPO1157","hypothetical protein","SPO_RS05865"
"SPO1158","hisA","phosphoribosylformimino-5-aminoimidazole carboxamide ribotide isomerase","SPO_RS05870"
"SPO1162","hisH","imidazole glycerol phosphate synthase, glutamine amidotransferase subunit","SPO_RS05890"
"SPO1163","hisB","imidazoleglycerol-phosphate dehydratase","SPO_RS05895"
"SPO1177","SPO1177","hypothetical protein","SPO_RS05965"
"SPO1178","mraZ","Transcriptional regulator MraZ","SPO_RS05970"
"SPO1179","mraW","S-adenosyl-methyltransferase MraW","SPO_RS05975"
"SPO1180","SPO1180","hypothetical protein","SPO_RS05980"
"SPO1182","murE","UDP-N-acetylmuramoylalanyl-D-glutamate-2, 6-diaminopimelate ligase","SPO_RS05990"
"SPO1183","murF","UDP-N-acetylmuramoyl-tripeptide--D-alanyl-D- alanine ligase","SPO_RS05995"
"SPO1184","mraY","phospho-N-acetylmuramoyl-pentapeptide- transferase","SPO_RS06000"
"SPO1187","murD","UDP-N-acetylmuramoylalanine--D-glutamate ligase","SPO_RS06015"
"SPO1193","SPO1193","4-oxalocrotonate tautomerase family protein","SPO_RS06045"
"SPO1195","murG","UDP-N-acetylglucosamine--N-acetylmuramyl-(pentapeptide) pyrophosphoryl-undecaprenol N-acetylglucosamine transferase (EC 2.4.1.227)","SPO_RS06055"
"SPO1196","murC","UDP-N-acetylmuramate--alanine ligase","SPO_RS06060"
"SPO1198","SPO1198","hypothetical protein","SPO_RS06075"
"SPO1200","murB","UDP-N-acetylenolpyruvoylglucosamine reductase","SPO_RS06090"
"SPO1201","ddlB","D-alanine--D-alanine ligase","SPO_RS06095"
"SPO1202","SPO1202","cell division protein ftsQ","SPO_RS06100"
"SPO1203","ftsA","cell division protein FtsA","SPO_RS06105"
"SPO1239","pcm-1","protein-L-isoaspartate O-methyltransferase","SPO_RS06310"
"SPO1242","cobQ","cobyric acid synthase CobQ","SPO_RS06325"
"SPO1252","SPO1252","hypothetical protein",""
"SPO1253","parE","DNA topoisomerase IV, B subunit","SPO_RS06385"
"SPO1258","SPO1258","hydrolase, alpha/beta fold family","SPO_RS06410"
"SPO1266","SPO1266","TPR repeat family protein","SPO_RS06450"
"SPO1273","thyX","thymidylate synthase, flavin-dependent","SPO_RS06485"
"SPO1281","SPO1281","hypothetical protein","SPO_RS06525"
"SPO1282","thrS","threonyl-tRNA synthetase","SPO_RS06530"
"SPO1283","SPO1283","hypothetical protein","SPO_RS06535"
"SPO1313","secG","preprotein translocase, SecG subunit","SPO_RS06695"
"SPO1317","SPO1317","hypothetical protein","SPO_RS06715"
"SPO1326","SPO1326","transcriptional regulator, MarR family","SPO_RS06760"
"SPO1336","ispZ","intracellular septation protein A","SPO_RS06810"
"SPO1348","SPO1348","iron-sulfur cluster-binding protein","SPO_RS06870"
"SPO1350","SPO1350","hypothetical protein",""
"SPO1352","folE2","GTP cyclohydrolase FolE2 (EC 3.5.4.16)","SPO_RS06885"
"SPO1353","trkH-1","Trk system potassium uptake protein TrkH","SPO_RS06895"
"SPO1355","glyQ","glycyl-tRNA synthetase, alpha subunit","SPO_RS06905"
"SPO1362","SPO1362","dihydroneopterin aldolase, putative","SPO_RS06945"
"SPO1363","folP","dihydropteroate synthase",""
"SPO1364","glmM","phosphoglucosamine mutase","SPO_RS06955"
"SPO1371","SPO1371","2-octaprenyl-6-methoxyphenol hydroxylase, putative","SPO_RS06995"
"SPO1377","carA","carbamoyl-phosphate synthase, small subunit","SPO_RS07025"
"SPO1378","SPO1378","GatB/YqeY domain protein","SPO_RS07030"
"SPO1389","lipB","lipoate-protein ligase B","SPO_RS07090"
"SPO1402","SPO1402","hypothetical protein","SPO_RS07155"
"SPO1403","metG","methionyl-tRNA synthetase","SPO_RS07160"
"SPO1418","SPO1418","S4 domain protein","SPO_RS07235"
"SPO1419","SPO1419","iron-sulfur cluster-binding protein","SPO_RS07240"
"SPO1420","SPO1420","transcriptional regulator, CarD family","SPO_RS07245"
"SPO1422","SPO1422","cobalamin 5'-phosphate synthase","SPO_RS07255"
"SPO1423","cobT","Nicotinate-nucleotide--dimethylbenzimidazole phosphoribosyltransferase (NN:DBI PRT) (EC 2.4.2.21)","SPO_RS07260"
"SPO1434","SPO1434","transcriptional regulator, AraC family","SPO_RS07310"
"SPO1455","SPO1455","TRAP dicarboxylate transporter, DctQ subunit, putative","SPO_RS07415"
"SPO1458","SPO1458","transcriptional regulator, MarR family","SPO_RS07430"
"SPO1467","SPO1467","3-hydroxyacyl-CoA dehydrogenase family protein","SPO_RS07475"
"SPO1487","SPO1487","hypothetical protein","SPO_RS07575"
"SPO1500","pqqE","coenzyme PQQ synthesis protein E","SPO_RS07640"
"SPO1504","pqqA","coenzyme PQQ biosynthesis protein A","SPO_RS22465"
"SPO1509","SPO1509","cytochrome c family protein","SPO_RS07680"
"SPO1512","SPO1512","hypothetical protein","SPO_RS07695"
"SPO1523","SPO1523","metallo-beta-lactamase family protein","SPO_RS07750"
"SPO1528","SPO1528","hypothetical protein","SPO_RS07775"
"SPO1537","SPO1537","twin-arginine translocation pathway signal sequence domain protein, putative","SPO_RS07825"
"SPO1577","SPO1577","hypothetical protein","SPO_RS08025"
"SPO1583","SPO1583","DNA-binding protein, putative","SPO_RS08055"
"SPO1618","SPO1618","hypothetical protein","SPO_RS08230"
"SPO1619","SPO1619","hypothetical protein","SPO_RS08235"
"SPO1631","SPO1631","CBS domain protein","SPO_RS08295"
"SPO1632","xerD","tyrosine recombinase XerD","SPO_RS08300"
"SPO1635","aroB","3-dehydroquinate synthase","SPO_RS08315"
"SPO1637","ssb","single-strand binding protein","SPO_RS08325"
"SPO1645","SPO1645","oligopeptide/dipeptide ABC transporter, permease protein","SPO_RS08365"
"SPO1650","SPO1650","hypothetical protein",""
"SPO1653","SPO1653","transposase, degenerate","SPO_RS22475"
"SPO1661","miaA","tRNA delta(2)-isopentenylpyrophosphate transferase","SPO_RS08440"
"SPO1662","pyrH","uridylate kinase","SPO_RS08445"
"SPO1664","frr","ribosome recycling factor","SPO_RS08455"
"SPO1665","uppS","undecaprenyl diphosphate synthase","SPO_RS08460"
"SPO1666","cdsA","phosphatidate cytidylyltransferase","SPO_RS08465"
"SPO1669","SPO1669","hypothetical protein",""
"SPO1670","SPO1670","outer membrane protein, OMP85 family","SPO_RS08480"
"SPO1671","SPO1671","hypothetical protein","SPO_RS08485"
"SPO1672","fabZ","beta-hydroxyacyl-(acyl-carrier-protein) dehydratase FabZ","SPO_RS08490"
"SPO1673","lpxA","acyl-(acyl-carrier-protein)--UDP-N- acetylglucosamine O-acyltransferase","SPO_RS08495"
"SPO1674","SPO1674","hypothetical protein","SPO_RS08500"
"SPO1675","lpxB","lipid-A-disaccharide synthase","SPO_RS08505"
"SPO1680","ligA","DNA ligase, NAD-dependent","SPO_RS08530"
"SPO1684","hisI","phosphoribosyl-AMP cyclohydrolase","SPO_RS08545"
"SPO1691","rplM","ribosomal protein L13","SPO_RS08580"
"SPO1692","rspI","ribosomal protein S9","SPO_RS08585"
"SPO1706","SPO1706","transposase, degenerate","SPO_RS22485"
"SPO1712","ureA","urease, gamma subunit","SPO_RS08710"
"SPO1733","glpX","fructose-1,6-bisphosphatase, class II","SPO_RS08820"
"SPO1739","SPO1739","hypothetical protein","SPO_RS08850"
"SPO1750","rpoD","RNA polymerase sigma-70 factor RpoD","SPO_RS08905"
"SPO1753","nrdR","Transcriptional repressor NrdR","SPO_RS08920"
"SPO1754","ribD","riboflavin biosynthesis protein RibD","SPO_RS08925"
"SPO1758","SPO1758","hypothetical protein",""
"SPO1759","ribE","riboflavin synthase, alpha subunit","SPO_RS08945"
"SPO1760","SPO1760","hypothetical protein","SPO_RS08950"
"SPO1778","SPO1778","hypothetical protein","SPO_RS09045"
"SPO1797","SPO1797","twin-arginine translocation pathway signal sequence domain protein","SPO_RS09140"
"SPO1802","SPO1802","hypothetical protein","SPO_RS09170"
"SPO1803","SPO1803","Mrp/NBP35 family protein","SPO_RS09175"
"SPO1805","SPO1805","hypothetical protein","SPO_RS09185"
"SPO1811","SPO1811","hypothetical protein","SPO_RS09215"
"SPO1821","SPO1821","sugar ABC transporter, permease protein",""
"SPO1827","SPO1827","N-formylglutamate amidohydrolase","SPO_RS09295"
"SPO1864","SPO1864","hypothetical protein","SPO_RS09475"
"SPO1867","SPO1867","hypothetical protein","SPO_RS09490"
"SPO1872","SPO1872","transcriptional regulator, LysR family","SPO_RS09515"
"SPO1877","ccmE","cytochrome c-type biogenesis protein CcmE","SPO_RS09540"
"SPO1880","ccmF","cytochrome c-type biogenesis protein CcmF","SPO_RS09555"
"SPO1881","SPO1881","cytochrome c biogenesis family protein","SPO_RS09560"
"SPO1892","dctD-1","C4-dicarboxylate transport transcriptional regulatory protein DctD","SPO_RS09615"
"SPO1895","SPO1895","SirA family protein","SPO_RS09625"
"SPO1896","ccdA","cytochrome c-type biogenesis protein CcdA","SPO_RS09630"
"SPO1899","fda","fructose-bisphosphate aldolase, class I","SPO_RS09645"
"SPO1904","SPO1904","hypothetical protein","SPO_RS09670"
"SPO1942","SPO1942","3-deoxy-7-phosphoheptulonate synthase","SPO_RS09860"
"SPO1945","gmk","guanylate kinase","SPO_RS09875"
"SPO1965","SPO1965","oxidoreductase, short chain dehydrogenase/reductase family","SPO_RS09975"
"SPO1968","SPO1968","acyl-CoA dehydrogenase family protein","SPO_RS09990"
"SPO1976","rpsB","ribosomal protein S2","SPO_RS10030"
"SPO1979","olsA","lyso-ornithine lipid acyltransferase","SPO_RS10045"
"SPO1980","olsB","ornithine-acyl[acyl carrier protein] N-acyltransferase","SPO_RS10050"
"SPO1981","SPO1981","hypothetical protein",""
"SPO1989","rpmA","ribosomal protein L27","SPO_RS10090"
"SPO1990","rplU","ribosomal protein L21","SPO_RS10095"
"SPO2014","sufS","cysteine desulfurase SufS","SPO_RS10220"
"SPO2017","SPO2017","FeS assembly protein SufD","SPO_RS10235"
"SPO2018","sufC","FeS assembly ATPase SufC","SPO_RS10240"
"SPO2020","SPO2020","methyltransferase, FkbM family","SPO_RS10250"
"SPO2022","SPO2022","hypothetical protein","SPO_RS10260"
"SPO2026","SPO2026","hypothetical protein","SPO_RS10280"
"SPO2027","SPO2027","hypothetical protein","SPO_RS10285"
"SPO2033","alaS","alanyl-tRNA synthetase","SPO_RS10315"
"SPO2051","gyrA","DNA gyrase, A subunit","SPO_RS10405"
"SPO2054","ctaA","Heme A synthase (EC 1.3.-.-) (Cytochrome aa3-controlling protein)","SPO_RS10420"
"SPO2076","hemB","porphobilinogen synthase","SPO_RS10530"
"SPO2083","trkA","Trk system potassium uptake protein TrkA","SPO_RS10565"
"SPO2085","ntrX","nitrogen assimilation regulatory protein NtrX","SPO_RS10575"
"SPO2090","ispDF","2-C-methyl-D-erythritol 4-phosphate cytidylyltransferase/ 2C-methyl-D-erythritol 2,4-cyclodiphosphate synthase","SPO_RS10600"
"SPO2102","lipA","lipoic acid synthetase","SPO_RS10660"
"SPO2109","guaA","GMP synthase","SPO_RS10695"
"SPO2113","SPO2113","hypothetical protein","SPO_RS10715"
"SPO2126","SPO2126","phospholipase/carboxylesterase family protein","SPO_RS10780"
"SPO2131","cysS","cysteinyl-tRNA synthetase","SPO_RS10805"
"SPO2141","pdxH","Pyridoxine/pyridoxamine 5'-phosphate oxidase (EC 1.4.3.5)","SPO_RS10855"
"SPO2154","lexA","LexA repressor","SPO_RS10920"
"SPO2165","SPO2165","Fe-S metabolism associated family protein","SPO_RS10975"
"SPO2179","SPO2179","hypothetical protein","SPO_RS11045"
"SPO2181","SPO2181","ABC transporter, ATP-binding protein","SPO_RS11055"
"SPO2199","SPO2199","hypothetical protein",""
"SPO2200","coaD","pantetheine-phosphate adenylyltransferase","SPO_RS11155"
"SPO2217","SPO2217","Excinuclease","SPO_RS11245"
"SPO2236","SPO2236","hypothetical protein","SPO_RS23095"
"SPO2239","SPO2239","hypothetical protein","SPO_RS11350"
"SPO2247","cysE","serine O-acetyltransferase","SPO_RS11400"
"SPO2256","orfg10","gene transfer agent","SPO_RS11445"
"SPO2258","orfg8","gene transfer agent","SPO_RS11455"
"SPO2259","orfg7","gene transfer agent","SPO_RS11460"
"SPO2263","SPO2263","hypothetical protein","SPO_RS11480"
"SPO2271","fabF","3-oxoacyl-(acyl carrier protein) synthase II","SPO_RS11515"
"SPO2274","acpP","acyl carrier protein","SPO_RS11530"
"SPO2275","fabG","3-oxoacyl-(acyl-carrier-protein) reductase","SPO_RS11535"
"SPO2276","fabD","malonyl CoA-acyl carrier protein transacylase","SPO_RS11540"
"SPO2281","rpsF","ribosomal protein S6","SPO_RS11565"
"SPO2282","rpsR","ribosomal protein S18","SPO_RS11570"
"SPO2294","glnB-1","nitrogen regulatory protein P-II","SPO_RS11630"
"SPO2295","glnA","glutamine synthetase, type I","SPO_RS11635"
"SPO2300","SPO2300","hypothetical protein","SPO_RS11660"
"SPO2305","purB","adenylosuccinate lyase","SPO_RS11685"
"SPO2312","acnA","aconitate hydratase 1","SPO_RS11715"
"SPO2314","SPO2314","periplasmic protein thiol:disulfide oxidoreductases, DsbE subfamily","SPO_RS11725"
"SPO2315","ccmC","heme exporter protein CcmC","SPO_RS11735"
"SPO2316","ccmB","heme exporter protein CcmB","SPO_RS11740"
"SPO2317","ccmA","heme exporter protein CcmA","SPO_RS11745"
"SPO2320","secF","protein-export membrane protein SecF","SPO_RS11760"
"SPO2321","secD","protein-export membrane protein SecD","SPO_RS11765"
"SPO2322","yajC","preprotein translocase, YajC subunit",""
"SPO2325","serS","seryl-tRNA synthetase","SPO_RS11785"
"SPO2328","engA","GTP-binding protein EngA","SPO_RS11800"
"SPO2329","SPO2329","PQQ enzyme repeat family protein","SPO_RS11805"
"SPO2362","SPO2362","amino acid ABC transporter, periplasmic amino acid-binding protein","SPO_RS11985"
"SPO2376","SPO2376","CoA-binding domain protein","SPO_RS12055"
"SPO2402","SPO2402","transposase, degenerate","SPO_RS22550"
"SPO2415","SPO2415","phytanoyl-CoA dioxygenase family protein","SPO_RS12270"
"SPO2417","idnO","gluconate 5-dehydrogenase","SPO_RS12280"
"SPO2421","SPO2421","hypothetical protein","SPO_RS12300"
"SPO2427","SPO2427","oxidoreductase, short chain dehydrogenase/reductase family","SPO_RS12330"
"SPO2444","ndk","nucleoside diphosphate kinase","SPO_RS12415"
"SPO2454","SPO2454","permease, YjgP/YjgQ family","SPO_RS12465"
"SPO2455","SPO2455","organic solvent tolerance protein, putative","SPO_RS12470"
"SPO2456","SPO2456","PPIC-type PPIASE domain protein","SPO_RS12475"
"SPO2457","pdxA-1","4-hydroxythreonine-4-phosphate dehydrogenase","SPO_RS12480"
"SPO2461","prfA","peptide chain release factor 1","SPO_RS12500"
"SPO2462","SPO2462","hypothetical protein","SPO_RS12505"
"SPO2463","SPO2463","hypothetical protein","SPO_RS12510"
"SPO2471","SPO2471","acetyltransferase, GNAT family","SPO_RS12550"
"SPO2472","SPO2472","hypothetical protein",""
"SPO2482","SPO2482","endonuclease/exonuclease/phosphatase family protein","SPO_RS12605"
"SPO2484","tyrS","tyrosyl-tRNA synthetase","SPO_RS12615"
"SPO2485","SPO2485","hypothetical protein",""
"SPO2492","rpmF","ribosomal protein L32","SPO_RS12650"
"SPO2493","plsX","fatty acid/phospholipid synthesis protein PlsX","SPO_RS12655"
"SPO2495","ihfA","integration host factor, alpha subunit","SPO_RS12665"
"SPO2503","SPO2503","hypothetical protein","SPO_RS12705"
"SPO2510","nahG","salicylate hydroxylase","SPO_RS12745"
"SPO2517","SPO2517","peptidase, M48 family","SPO_RS12775"
"SPO2525","SPO2525","hypothetical protein",""
"SPO2533","SPO2533","branched-chain amino acid ABC transporter, ATP-binding protein","SPO_RS12855"
"SPO2585","prfB","peptide chain release factor 2","SPO_RS13115"
"SPO2593","SPO2593","hypothetical protein","SPO_RS13155"
"SPO2594","ispG","1-hydroxy-2-methyl-2-(E)-butenyl 4-diphosphate synthase","SPO_RS13160"
"SPO2595","SPO2595","hypothetical protein","SPO_RS13165"
"SPO2596","hemA-1","5-aminolevulinic acid synthase","SPO_RS13170"
"SPO2618","SPO2618","hypothetical protein","SPO_RS13280"
"SPO2619","SPO2619","hypothetical protein","SPO_RS13285"
"SPO2620","SPO2620","iron-sulfur cluster assembly accessory protein","SPO_RS13290"
"SPO2631","SPO2631","transcriptional regulator, AsnC family","SPO_RS13345"
"SPO2636","SPO2636","hypothetical protein","SPO_RS13370"
"SPO2637","SPO2637","ferredoxin--NADP reductase","SPO_RS13375"
"SPO2638","infC","translation initiation factor IF-3","SPO_RS13380"
"SPO2655","dnaB","replicative DNA helicase","SPO_RS13470"
"SPO2660","SPO2660","cysteate ABC transporter, permease protein ","SPO_RS13495"
"SPO2672","SPO2672","ABC transporter, ATP-binding protein","SPO_RS13555"
"SPO2676","SPO2676","hypothetical protein","SPO_RS22265"
"SPO2678","SPO2678","hypothetical protein","SPO_RS13585"
"SPO2682","tatB","twin-arginine translocation protein TatB","SPO_RS13605"
"SPO2683","SPO2683","twin-arginine translocation protein, TatA/E family","SPO_RS13610"
"SPO2684","SPO2684","hypothetical protein","SPO_RS13615"
"SPO2686","SPO2686","LysM domain/M23/M37 peptidase","SPO_RS13625"
"SPO2689","SPO2689","iron ABC transporter, ATP-binding protein, putative","SPO_RS13640"
"SPO2706","caiD-1","carnitinyl-CoA dehydratase","SPO_RS13725"
"SPO2723a","SPO2723a","hypothetical protein","SPO_RS13820"
"SPO2725","SPO2725","hypothetical protein",""
"SPO2729","SPO2729","hypothetical protein","SPO_RS13850"
"SPO2730","SPO2730","hypothetical protein","SPO_RS13855"
"SPO2740","tmk","thymidylate kinase","SPO_RS13920"
"SPO2741","SPO2741","DNA polymerase III, delta prime subunit, putative","SPO_RS13925"
"SPO2745","SPO2745","hypothetical protein","SPO_RS13945"
"SPO2754","SPO2754","hypothetical protein","SPO_RS13990"
"SPO2761","coaX","Type III pantothenate kinase (EC 2.7.1.33)","SPO_RS14025"
"SPO2762","SPO2762","biotin--acetyl-CoA-carboxylase ligase","SPO_RS14030"
"SPO2764","nuoM","NADH dehydrogenase I, M subunit","SPO_RS14040"
"SPO2765","nuoL","NADH dehydrogenase I, L subunit","SPO_RS14045"
"SPO2766","nuoK","NADH dehydrogenase I, K subunit","SPO_RS14050"
"SPO2767","nuoJ","NADH dehydrogenase I, J subunit","SPO_RS14055"
"SPO2770","nuoI","NADH dehydrogenase I, I subunit","SPO_RS14070"
"SPO2772","nuoH","NADH dehydrogenase I, H subunit","SPO_RS14080"
"SPO2774","nuoG","NADH dehydrogenase I, G subunit","SPO_RS14090"
"SPO2776","SPO2776","hypothetical protein","SPO_RS14100"
"SPO2777","nuoF","NADH-quinone oxidoreductase, F subunit","SPO_RS14105"
"SPO2778","SPO2778","hypothetical protein","SPO_RS14110"
"SPO2779","SPO2779","hypothetical protein","SPO_RS14115"
"SPO2781","SPO2781","lipoprotein, putative","SPO_RS14125"
"SPO2782","nuoD","NADH dehydrogenase I, D subunit","SPO_RS14130"
"SPO2783","SPO2783","hypothetical protein",""
"SPO2784","nuoC","NADH-quinone oxidoreductase, C subunit","SPO_RS14140"
"SPO2785","nuoB","NADH dehydrogenase I, B subunit","SPO_RS14145"
"SPO2786","nuoA","NADH dehydrogenase I, A subunit","SPO_RS14150"
"SPO2794","SPO2794","hypothetical protein",""
"SPO2797","glmU","UDP-N-acetylglucosamine pyrophosphorylase","SPO_RS14205"
"SPO2800","kdtA","3-deoxy-D-manno-octulosonic acid transferase","SPO_RS14225"
"SPO2838","SPO2838","hypothetical protein","SPO_RS14415"
"SPO2844","SPO2844","hypothetical protein",""
"SPO2847","gatB","glutamyl-tRNA(Gln) amidotransferase, B subunit","SPO_RS14455"
"SPO2853","SPO2853","cobalt chelatase, CobS subunit","SPO_RS14485"
"SPO2856","SPO2856","hypothetical protein","SPO_RS14500"
"SPO2861","SPO2861","hypothetical protein","SPO_RS14525"
"SPO2863","SPO2863","CobN","SPO_RS14535"
"SPO2864","SPO2864","CobG","SPO_RS14540"
"SPO2865","cobH","precorrin-8X methylmutase","SPO_RS14545"
"SPO2866","cobI","precorrin-2 C20-methyltransferase","SPO_RS14550"
"SPO2867","cobJ","precorrin-3B C17-methyltransferase","SPO_RS14555"
"SPO2868","cobK","precorrin-6x reductase","SPO_RS14560"
"SPO2869","cobL","precorrin-6Y C5,15-methyltransferase (decarboxylating)","SPO_RS14565"
"SPO2872","cobB","cobyrinic acid a,c-diamide synthase","SPO_RS14580"
"SPO2875","SPO2875","hypothetical protein","SPO_RS22595"
"SPO2876","SPO2876","hypothetical protein","SPO_RS14595"
"SPO2884","SPO2884","hypothetical protein","SPO_RS14635"
"SPO2892","SPO2892","hypothetical protein","SPO_RS14675"
"SPO2896","phaE","pH adaption potassium efflux system protein PhaE","SPO_RS14695"
"SPO2898","phaG","pH adaption potassium efflux system protein PhaG","SPO_RS14705"
"SPO2908","arsC-1","arsenate reductase","SPO_RS14755"
"SPO2913","SPO2913","hypothetical protein","SPO_RS22935"
"SPO2914","SPO2914","transcriptional regulator, merR family","SPO_RS14780"
"SPO2939","SPO2939","ATP-NAD kinase, putative","SPO_RS14905"
"SPO2944","SPO2944","hypothetical protein","SPO_RS14930"
"SPO2969","gatA","glutamyl-tRNA(Gln) amidotransferase, A subunit","SPO_RS15050"
"SPO2970","gatC","glutamyl-tRNA(Gln) amidotransferase, C subunit","SPO_RS15055"
"SPO2983","SPO2983","cytidine and deoxycytidylate deaminase family protein","SPO_RS15120"
"SPO3012","SPO3012","inositol-1-monophosphatase, putative","SPO_RS15270"
"SPO3022","valS","Valine--tRNA ligase (EC 6.1.1.9)","SPO_RS15320"
"SPO3023","SPO3023","hypothetical protein","SPO_RS15325"
"SPO3028","SPO3028","hypothetical protein","SPO_RS15350"
"SPO3035","SPO3035","aspartate kinase, monofunctional class","SPO_RS15385"
"SPO3064","SPO3064","hypothetical protein",""
"SPO3067","SPO3067","oxidoreductase, FAD-binding protein","SPO_RS15540"
"SPO3071","thrC","threonine synthase","SPO_RS15560"
"SPO3080","SPO3080","transcriptional regulator, TetR family","SPO_RS15605"
"SPO3082","dxnG","3-oxoadipate CoA-succinyl transferase, alpha subunit","SPO_RS15615"
"SPO3083","dxnH","3-oxoadipate CoA-succinyl transferase, beta subunit","SPO_RS15620"
"SPO3106","tilS","tRNA(Ile)-lysidine synthase (EC 6.3.4.19)","SPO_RS15740"
"SPO3108","pal","peptidoglycan-associated lipoprotein","SPO_RS15750"
"SPO3109","tolB","Tol-Pal system protein TolB","SPO_RS15755"
"SPO3110","SPO3110","tonB domain protein, putative","SPO_RS15760"
"SPO3111","SPO3111","biopolymer transport protein, ExbD/TolR family","SPO_RS15765"
"SPO3112","tolQ","proton transporter TolQ","SPO_RS15770"
"SPO3136","ileS","isoleucyl-tRNA synthetase","SPO_RS15890"
"SPO3147","ppaC","inorganic pyrophosphatase, manganese-dependent","SPO_RS15945"
"SPO3149","SPO3149","hypothetical protein","SPO_RS15955"
"SPO3154","ribF","riboflavin biosynthesis protein RibF","SPO_RS15980"
"SPO3159","prs","ribose-phosphate pyrophosphokinase","SPO_RS16005"
"SPO3162","atpD","ATP synthase F1, beta subunit","SPO_RS16020"
"SPO3163","atpG","ATP synthase F1, gamma subunit","SPO_RS16025"
"SPO3164","atpA","ATP synthase F1, alpha subunit","SPO_RS16030"
"SPO3165","atpH","ATP synthase delta chain","SPO_RS16035"
"SPO3181","rpsD","ribosomal protein S4","SPO_RS16115"
"SPO3199","lepB","signal peptidase I","SPO_RS16205"
"SPO3200","acpS","holo-(acyl-carrier-protein) synthase","SPO_RS16210"
"SPO3201","pdxJ","pyridoxal phosphate biosynthetic protein PdxJ","SPO_RS16215"
"SPO3205","folK","2-amino-4-hydroxy-6- hydroxymethyldihydropteridine pyrophosphokinase","SPO_RS16235"
"SPO3207","ispH","4-hydroxy-3-methylbut-2-enyl diphosphate reductase","SPO_RS16245"
"SPO3219","def-3","peptide deformylase","SPO_RS16305"
"SPO3225","cobD","cobalamin biosynthesis protein CobD","SPO_RS16335"
"SPO3233","atpF","ATP synthase F0, B subunit","SPO_RS16375"
"SPO3234","SPO3234","ATP synthase F0, B' subunit","SPO_RS16380"
"SPO3235","atpE","ATP synthase F0, C subunit","SPO_RS16385"
"SPO3236","atpB","ATP synthase F0, A subunit","SPO_RS16390"
"SPO3237","atpI","ATP synthase F0, subunit I","SPO_RS16395"
"SPO3246","ffh","signal recognition particle protein","SPO_RS16440"
"SPO3247","SPO3247","acetyltransferase, GNAT family","SPO_RS16445"
"SPO3248","SPO3248","acetyltransferase, GNAT family","SPO_RS16450"
"SPO3249","SPO3249","acetyltransferase, GNAT family","SPO_RS16455"
"SPO3250","SPO3250","acetyltransferase, GNAT family","SPO_RS16460"
"SPO3251","SPO3251","hypothetical protein","SPO_RS16465"
"SPO3252","SPO3252","chorismate mutase","SPO_RS16470"
"SPO3253","rpsP","ribosomal protein S16","SPO_RS16475"
"SPO3257","rplS","ribosomal protein L19","SPO_RS16495"
"SPO3259","trmD","tRNA (guanine-N1)-methyltransferase","SPO_RS16505"
"SPO3284","rpmJ","ribosomal protein L36","SPO_RS16630"
"SPO3287","SPO3287","ferric iron ABC transporter, periplasmic ferric iron-binding protein","SPO_RS16645"
"SPO3288","SPO3288","ferric iron ABC transporter, permease protein","SPO_RS16650"
"SPO3293","SPO3293","hypothetical protein","SPO_RS16675"
"SPO3332","dapE","succinyl-diaminopimelate desuccinylase","SPO_RS16880"
"SPO3348","SPO3348","hypothetical protein","SPO_RS16960"
"SPO3354","SPO3354","phosphoserine aminotransferase","SPO_RS16990"
"SPO3365","sitB","Manganese ABC transporter, ATP-binding protein","SPO_RS17045"
"SPO3366","sitA","Manganese ABC transporter, periplasmic protein","SPO_RS17050"
"SPO3373","lspA","lipoprotein signal peptidase","SPO_RS17085"
"SPO3374","purH","bifunctional purine biosynthesis protein PurH","SPO_RS17090"
"SPO3389","pnp","polyribonucleotide nucleotidyltransferase","SPO_RS17165"
"SPO3415","SPO3415","outer membrane lipoprotein carrier protein LolA, putative","SPO_RS17290"
"SPO3416","SPO3416","FtsK/SpoIIIE family protein","SPO_RS17295"
"SPO3417","SPO3417","aminotransferase, classes I and II","SPO_RS17300"
"SPO3426","SPO3426","DNA-binding response regulator","SPO_RS17345"
"SPO3430","SPO3430","outer membrane porin","SPO_RS17365"
"SPO3432","leuS","leucyl-tRNA synthetase","SPO_RS17375"
"SPO3433","SPO3433","lipoprotein, putative","SPO_RS17380"
"SPO3444","SPO3444","3-deoxy-D-manno-octulosonic-acid transferase, putative","SPO_RS17435"
"SPO3445","lpxK","tetraacyldisaccharide 4'-kinase","SPO_RS17440"
"SPO3447","SPO3447","hypothetical protein","SPO_RS17450"
"SPO3451","SPO3451","modification methylase","SPO_RS17470"
"SPO3458","SPO3458","flagellar protein FlaF, putative","SPO_RS17515"
"SPO3499","fusA","translation elongation factor G","SPO_RS17725"
"SPO3500","rpsG","ribosomal protein S7","SPO_RS17730"
"SPO3501","rpsL","ribosomal protein S12","SPO_RS17735"
"SPO3507","rpoC","DNA-directed RNA polymerase, beta' subunit","SPO_RS17765"
"SPO3508","rpoB","DNA-directed RNA polymerase, beta subunit","SPO_RS17770"
"SPO3509","rplL","ribosomal protein L7/L12","SPO_RS17775"
"SPO3510","rplJ","ribosomal protein L10","SPO_RS17780"
"SPO3514","rplK","ribosomal protein L11","SPO_RS17800"
"SPO3517","secE","preprotein translocase, SecE subunit","SPO_RS17820"
"SPO3556","dapA","dihydrodipicolinate synthase","SPO_RS18015"
"SPO3599","rpmI","ribosomal protein L35","SPO_RS18230"
"SPO3616","accA","acetyl-CoA carboxylase, carboxyl transferase, alpha subunit","SPO_RS18320"
"SPO3630","ubiA","4-hydroxybenzoate polyprenyl transferase","SPO_RS18390"
"SPO3648","hemE","uroporphyrinogen decarboxylase","SPO_RS18490"
"SPO3649","hemC","porphobilinogen deaminase","SPO_RS18495"
"SPO3653","hemF","coproporphyrinogen III oxidase, aerobic","SPO_RS18515"
"SPO3654","SPO3654","7-alpha-hydroxysteroid dehydrogenase, putative","SPO_RS18520"
"SPO3658","SPO3658","D-alanyl-D-alanine carboxypeptidase family protein","SPO_RS18540"
"SPO3712","asd","aspartate-semialdehyde dehydrogenase","SPO_RS18830"
"SPO3737","SPO3737","pyridine nucleotide-disulfide oxidoreductase family protein","SPO_RS18965"
"SPO3761","map","methionine aminopeptidase, type I","SPO_RS19090"
"SPO3764","SPO3764","glutathione S-transferase family protein","SPO_RS19105"
"SPO3818","folC","folC bifunctional protein","SPO_RS19375"
"SPO3823","rplW","ribosomal protein L23","SPO_RS19400"
"SPO3824","rplD","ribosomal protein L4","SPO_RS19405"
"SPO3825","rplC","ribosomal protein L3","SPO_RS19410"
"SPO3826","rpsJ","ribosomal protein S10","SPO_RS19415"
"SPO3834","dapB","dihydrodipicolinate reductase","SPO_RS19455"
"SPO3893","SPO3893","hypothetical protein","SPO_RS19760"
"SPOA0009","SPOA0009","hemolysin","SPO_RS19825"
"SPOA0010","cutE","apolipoprotein N-acyltransferase","SPO_RS19830"
"SPOA0011","metK","S-adenosylmethionine synthetase","SPO_RS19835"
"SPOA0015","aroA","3-phosphoshikimate 1-carboxyvinyltransferase","SPO_RS19855"
"SPOA0077","infA","translation initiation factor IF-1","SPO_RS20160"
"SPOA0087a","SPOA0087a","Esterase-lipase","SPO_RS22985"
"SPOA0136","SPOA0136","hypothetical protein",""
"SPOA0137","murA","UDP-N-acetylglucosamine 1-carboxyvinyltransferase","SPO_RS20525"
"SPOA0140","glmS","glucosamine--fructose-6-phosphate aminotransferase (isomerizing)","SPO_RS20540"
"SPOA0272a","SPOA0272a","Hypothetical protein","SPO_RS21200"
"SPOA0303","SPOA0303","replication protein","SPO_RS21355"
"SPOA0304","repA","replication protein","SPO_RS21360"
"SPOA0305","SPOA0305","hypothetical protein","SPO_RS21365"
"SPOA0315","icd","isocitrate dehydrogenase, NADP-dependent","SPO_RS21415"
"SPOA0345","SPOA0345","aldo/keto reductase","SPO_RS21585"
"SPOA0350","SPOA0350","hypothetical protein",""
"SPOA0396","SPOA0396","hypothetical protein","SPO_RS21840"
"SPOA0400","SPOA0400","endoribonuclease L-PSP","SPO_RS21860"
"SPOA0439","fabI-3","enoyl-ACP reductase","SPO_RS22050"
"SPOA0440","fabB","3-oxoacyl-ACP synthase","SPO_RS22055"
"SPOA0442","SPOA0442","hypothetical protein",""
"SPOA0444","fabA","3-hydroxydecanoyl-ACP dehydratase","SPO_RS22070"
